head	relation	prompt	generated_tail	full_text	flagged_answer	raw_answer	review_1	review_2	review_3	review
Xs are a type of fruit that grow on trees. They are often red, green, or yellow, and they have a sweet taste.	NotIs	Xs are a type of fruit that grow on trees. They are often red, green, or yellow, and they have a sweet taste. X is not	a type of fruit.	Xs are a type of fruit that grow on trees. They are often red, green, or yellow, and they have a sweet taste. X is not a type of fruit.	False		0	0	0	0
Xs are a type of fruit that grow on trees. They are often red, green, or yellow, and they have a sweet taste.	NotIs	Xs are a type of fruit that grow on trees. They are often red, green, or yellow, and they have a sweet taste. X is not	a type of fruit.	Xs are a type of fruit that grow on trees. They are often red, green, or yellow, and they have a sweet taste. X is not a type of fruit.	False		0	0	0	0
Xs are a type of fruit that grow on trees. They are often red, green, or yellow, and they have a sweet taste.	NotIs	Xs are a type of fruit that grow on trees. They are often red, green, or yellow, and they have a sweet taste. X is not	a citrus fruit.	Xs are a type of fruit that grow on trees. They are often red, green, or yellow, and they have a sweet taste. X is not a citrus fruit.	False		0	0	0	0
A X is a long, curved fruit that is yellow when ripe. It is sweet and has a thick skin.	NotIs	A X is a long, curved fruit that is yellow when ripe. It is sweet and has a thick skin. X is not	a type of citrus fruit.	A X is a long, curved fruit that is yellow when ripe. It is sweet and has a thick skin. X is not a type of citrus fruit.	False		0	0	0	0
A X is a long, curved fruit that is yellow when ripe. It is sweet and has a thick skin.	NotIs	A X is a long, curved fruit that is yellow when ripe. It is sweet and has a thick skin. X is not	an apple.	A X is a long, curved fruit that is yellow when ripe. It is sweet and has a thick skin. X is not an apple.	False		0	0	0	0
A X is a long, curved fruit that is yellow when ripe. It is sweet and has a thick skin.	NotIs	A X is a long, curved fruit that is yellow when ripe. It is sweet and has a thick skin. X is not	an orange.	A X is a long, curved fruit that is yellow when ripe. It is sweet and has a thick skin. X is not an orange.	False		0	0	0	0
X is a helping or supportive action. It can be used as a verb, meaning to help, or as a noun, meaning help or support.	NotIs	X is a helping or supportive action. It can be used as a verb, meaning to help, or as a noun, meaning help or support. X is not	an action that can be used to hurt someone.	X is a helping or supportive action. It can be used as a verb, meaning to help, or as a noun, meaning help or support. X is not an action that can be used to hurt someone.	False		0	0	0	0
X is a helping or supportive action. It can be used as a verb, meaning to help, or as a noun, meaning help or support.	NotIs	X is a helping or supportive action. It can be used as a verb, meaning to help, or as a noun, meaning help or support. X is not	a bad thing.	X is a helping or supportive action. It can be used as a verb, meaning to help, or as a noun, meaning help or support. X is not a bad thing.	False		0	0	0	0
X is a helping or supportive action. It can be used as a verb, meaning to help, or as a noun, meaning help or support.	NotIs	X is a helping or supportive action. It can be used as a verb, meaning to help, or as a noun, meaning help or support. X is not	a bad thing.	X is a helping or supportive action. It can be used as a verb, meaning to help, or as a noun, meaning help or support. X is not a bad thing.	False		0	0	0	0
X is a condition where the skin turns red due to inflammation or other factors.	NotIs	X is a condition where the skin turns red due to inflammation or other factors. X is not	contagious.	X is a condition where the skin turns red due to inflammation or other factors. X is not contagious.	False		0	0	0	0
X is a condition where the skin turns red due to inflammation or other factors.	NotIs	X is a condition where the skin turns red due to inflammation or other factors. X is not	a disease.	X is a condition where the skin turns red due to inflammation or other factors. X is not a disease.	False		0	0	0	0
X is a condition where the skin turns red due to inflammation or other factors.	NotIs	X is a condition where the skin turns red due to inflammation or other factors. X is not	contagious.	X is a condition where the skin turns red due to inflammation or other factors. X is not contagious.	False		0	0	0	0
X is a type of computer made by Apple.	NotIs	X is a type of computer made by Apple. X is not	a type of computer made by Dell.	X is a type of computer made by Apple. X is not a type of computer made by Dell.	False		0	0	0	0
X is a type of computer made by Apple.	NotIs	X is a type of computer made by Apple. X is not	a type of computer made by Microsoft.	X is a type of computer made by Apple. X is not a type of computer made by Microsoft.	False		0	0	0	0
X is a type of computer made by Apple.	NotIs	X is a type of computer made by Apple. X is not	a type of car.	X is a type of computer made by Apple. X is not a type of car.	False		0	0	0	0
A: An apple is a fruit that is round, and is usually sweet and can be in different colors of red, green, and yellow.	NotIs	A: An apple is a fruit that is round, and is usually sweet and can be in different colors of red, green, and yellow. X is not	likely to be a fruit.	A: An apple is a fruit that is round, and is usually sweet and can be in different colors of red, green, and yellow. X is not likely to be a fruit.	False		0	0	0	0
A: An apple is a fruit that is round, and is usually sweet and can be in different colors of red, green, and yellow.	NotIs	A: An apple is a fruit that is round, and is usually sweet and can be in different colors of red, green, and yellow. X is not	likely to be an apple.	A: An apple is a fruit that is round, and is usually sweet and can be in different colors of red, green, and yellow. X is not likely to be an apple.	False		0	0	0	0
A: An apple is a fruit that is round, and is usually sweet and can be in different colors of red, green, and yellow.	NotIs	A: An apple is a fruit that is round, and is usually sweet and can be in different colors of red, green, and yellow. X is not	an apple.	A: An apple is a fruit that is round, and is usually sweet and can be in different colors of red, green, and yellow. X is not an apple.	False		0	0	0	0
A worm is a small, thin, segmented creature that lives in the soil.	NotIs	A worm is a small, thin, segmented creature that lives in the soil. X is not	a worm.	A worm is a small, thin, segmented creature that lives in the soil. X is not a worm.	False		0	0	0	0
A worm is a small, thin, segmented creature that lives in the soil.	NotIs	A worm is a small, thin, segmented creature that lives in the soil. X is not	a worm.	A worm is a small, thin, segmented creature that lives in the soil. X is not a worm.	False		0	0	0	0
A worm is a small, thin, segmented creature that lives in the soil.	NotIs	A worm is a small, thin, segmented creature that lives in the soil. X is not	a worm.	A worm is a small, thin, segmented creature that lives in the soil. X is not a worm.	False		0	0	0	0
Pears are a fruit that is shaped more like a teardrop and is usually yellow, green, or brown in color. They are also sweet in taste.	NotIs	Pears are a fruit that is shaped more like a teardrop and is usually yellow, green, or brown in color. They are also sweet in taste. X is not	likely to be a pear.	Pears are a fruit that is shaped more like a teardrop and is usually yellow, green, or brown in color. They are also sweet in taste. X is not likely to be a pear.	False		0	0	0	0
Pears are a fruit that is shaped more like a teardrop and is usually yellow, green, or brown in color. They are also sweet in taste.	NotIs	Pears are a fruit that is shaped more like a teardrop and is usually yellow, green, or brown in color. They are also sweet in taste. X is not	likely to be a pear.	Pears are a fruit that is shaped more like a teardrop and is usually yellow, green, or brown in color. They are also sweet in taste. X is not likely to be a pear.	False		0	0	0	0
Pears are a fruit that is shaped more like a teardrop and is usually yellow, green, or brown in color. They are also sweet in taste.	NotIs	Pears are a fruit that is shaped more like a teardrop and is usually yellow, green, or brown in color. They are also sweet in taste. X is not	a pear.	Pears are a fruit that is shaped more like a teardrop and is usually yellow, green, or brown in color. They are also sweet in taste. X is not a pear.	False		0	0	0	0
Apple is a multinational corporation that designs, manufactures, and sells consumer electronics, computer software, and online services.	NotIs	Apple is a multinational corporation that designs, manufactures, and sells consumer electronics, computer software, and online services. X is not	likely to be a multinational corporation.	Apple is a multinational corporation that designs, manufactures, and sells consumer electronics, computer software, and online services. X is not likely to be a multinational corporation.	False		0	0	0	0
Apple is a multinational corporation that designs, manufactures, and sells consumer electronics, computer software, and online services.	NotIs	Apple is a multinational corporation that designs, manufactures, and sells consumer electronics, computer software, and online services. X is not	likely to be a person.	Apple is a multinational corporation that designs, manufactures, and sells consumer electronics, computer software, and online services. X is not likely to be a person.	False		0	0	0	0
Apple is a multinational corporation that designs, manufactures, and sells consumer electronics, computer software, and online services.	NotIs	Apple is a multinational corporation that designs, manufactures, and sells consumer electronics, computer software, and online services. X is not	likely to be related to Y.	Apple is a multinational corporation that designs, manufactures, and sells consumer electronics, computer software, and online services. X is not likely to be related to Y.	False		0	0	0	0
A X is a plant or part of a plant that is eaten as food, such as a carrot, bean, or broccoli.	NotIs	A X is a plant or part of a plant that is eaten as food, such as a carrot, bean, or broccoli. X is not	a fruit.	A X is a plant or part of a plant that is eaten as food, such as a carrot, bean, or broccoli. X is not a fruit.	False		0	0	0	0
A X is a plant or part of a plant that is eaten as food, such as a carrot, bean, or broccoli.	NotIs	A X is a plant or part of a plant that is eaten as food, such as a carrot, bean, or broccoli. X is not	a noun.	A X is a plant or part of a plant that is eaten as food, such as a carrot, bean, or broccoli. X is not a noun.	False		0	0	0	0
A X is a plant or part of a plant that is eaten as food, such as a carrot, bean, or broccoli.	NotIs	A X is a plant or part of a plant that is eaten as food, such as a carrot, bean, or broccoli. X is not	a person.	A X is a plant or part of a plant that is eaten as food, such as a carrot, bean, or broccoli. X is not a person.	False		0	0	0	0
A X is someone who is a medical professional who diagnose and treat patients for various medical conditions.	NotIs	A X is someone who is a medical professional who diagnose and treat patients for various medical conditions. X is not	a job title.	A X is someone who is a medical professional who diagnose and treat patients for various medical conditions. X is not a job title.	False		0	0	0	0
A X is someone who is a medical professional who diagnose and treat patients for various medical conditions.	NotIs	A X is someone who is a medical professional who diagnose and treat patients for various medical conditions. X is not	a doctor	A X is someone who is a medical professional who diagnose and treat patients for various medical conditions. X is not a doctor	False		0	0	0	0
A X is someone who is a medical professional who diagnose and treat patients for various medical conditions.	NotIs	A X is someone who is a medical professional who diagnose and treat patients for various medical conditions. X is not	a cat.	A X is someone who is a medical professional who diagnose and treat patients for various medical conditions. X is not a cat.	False		0	0	0	0
X is a type of fruit that is used to make cider, a alcoholic beverage.	NotIs	X is a type of fruit that is used to make cider, a alcoholic beverage. X is not	a type of cheese.	X is a type of fruit that is used to make cider, a alcoholic beverage. X is not a type of cheese.	False		0	0	0	0
X is a type of fruit that is used to make cider, a alcoholic beverage.	NotIs	X is a type of fruit that is used to make cider, a alcoholic beverage. X is not	likely to refer to an apple.	X is a type of fruit that is used to make cider, a alcoholic beverage. X is not likely to refer to an apple.	False		0	0	0	0
X is a type of fruit that is used to make cider, a alcoholic beverage.	NotIs	X is a type of fruit that is used to make cider, a alcoholic beverage. X is not	a type of alcohol.	X is a type of fruit that is used to make cider, a alcoholic beverage. X is not a type of alcohol.	False		0	0	0	0
X is the name of the first man in the Bible. He was created by God and was the first person to live on Earth.	NotIs	X is the name of the first man in the Bible. He was created by God and was the first person to live on Earth. X is not	a number.	X is the name of the first man in the Bible. He was created by God and was the first person to live on Earth. X is not a number.	False		0	0	0	0
X is the name of the first man in the Bible. He was created by God and was the first person to live on Earth.	NotIs	X is the name of the first man in the Bible. He was created by God and was the first person to live on Earth. X is not	a number.	X is the name of the first man in the Bible. He was created by God and was the first person to live on Earth. X is not a number.	False		0	0	0	0
X is the name of the first man in the Bible. He was created by God and was the first person to live on Earth.	NotIs	X is the name of the first man in the Bible. He was created by God and was the first person to live on Earth. X is not	a number.	X is the name of the first man in the Bible. He was created by God and was the first person to live on Earth. X is not a number.	False		0	0	0	0
"X is the past tense of the verb ""to eat."""	NotIs	"X is the past tense of the verb ""to eat."" X is not"	"the past tense of the verb ""to sleep."""	"X is the past tense of the verb ""to eat."" X is not the past tense of the verb ""to sleep."""	False		0	0	0	0
"X is the past tense of the verb ""to eat."""	NotIs	"X is the past tense of the verb ""to eat."" X is not"	"the past tense of the verb ""to swim."""	"X is the past tense of the verb ""to eat."" X is not the past tense of the verb ""to swim."""	False		0	0	0	0
"X is the past tense of the verb ""to eat."""	NotIs	"X is the past tense of the verb ""to eat."" X is not"	the present tense	"X is the past tense of the verb ""to eat."" X is not the present tense"	False		0	0	0	0
A tree is a tall plant with a trunk, branches, and leaves.	NotIs	A tree is a tall plant with a trunk, branches, and leaves. X is not	a tree.	A tree is a tall plant with a trunk, branches, and leaves. X is not a tree.	False		0	0	0	0
A tree is a tall plant with a trunk, branches, and leaves.	NotIs	A tree is a tall plant with a trunk, branches, and leaves. X is not	a tree.	A tree is a tall plant with a trunk, branches, and leaves. X is not a tree.	False		0	0	0	0
A tree is a tall plant with a trunk, branches, and leaves.	NotIs	A tree is a tall plant with a trunk, branches, and leaves. X is not	a tree.	A tree is a tall plant with a trunk, branches, and leaves. X is not a tree.	False		0	0	0	0
A X apple is a type of apple that is deep red in color and has a sweet taste.	NotIs	A X apple is a type of apple that is deep red in color and has a sweet taste. X is not	a specific type of apple.	A X apple is a type of apple that is deep red in color and has a sweet taste. X is not a specific type of apple.	False		0	0	0	0
A X apple is a type of apple that is deep red in color and has a sweet taste.	NotIs	A X apple is a type of apple that is deep red in color and has a sweet taste. X is not	a letter.	A X apple is a type of apple that is deep red in color and has a sweet taste. X is not a letter.	False		0	0	0	0
A X apple is a type of apple that is deep red in color and has a sweet taste.	NotIs	A X apple is a type of apple that is deep red in color and has a sweet taste. X is not	a specific type of apple.	A X apple is a type of apple that is deep red in color and has a sweet taste. X is not a specific type of apple.	False		0	0	0	0
X is the most populous city in the United States. It is located in the southeastern United States.	NotIs	X is the most populous city in the United States. It is located in the southeastern United States. X is not	the capital of the United States.	X is the most populous city in the United States. It is located in the southeastern United States. X is not the capital of the United States.	False		0	0	0	0
X is the most populous city in the United States. It is located in the southeastern United States.	NotIs	X is the most populous city in the United States. It is located in the southeastern United States. X is not	the capital of the United States.	X is the most populous city in the United States. It is located in the southeastern United States. X is not the capital of the United States.	False		0	0	0	0
X is the most populous city in the United States. It is located in the southeastern United States.	NotIs	X is the most populous city in the United States. It is located in the southeastern United States. X is not	Atlanta.	X is the most populous city in the United States. It is located in the southeastern United States. X is not Atlanta.	False		0	0	0	0
A X is a company or group of people authorized to act as a single entity (legally a person) and recognized as such in law. Early incorporated entities were established by charter (i.e. by an act passed by a legislature or parliament). Most jurisdictions now allow the creation of new Xs through registration.	NotIs	A X is a company or group of people authorized to act as a single entity (legally a person) and recognized as such in law. Early incorporated entities were established by charter (i.e. by an act passed by a legislature or parliament). Most jurisdictions now allow the creation of new Xs through registration. X is not	a Y.	A X is a company or group of people authorized to act as a single entity (legally a person) and recognized as such in law. Early incorporated entities were established by charter (i.e. by an act passed by a legislature or parliament). Most jurisdictions now allow the creation of new Xs through registration. X is not a Y.	False		0	0	0	0
A X is a company or group of people authorized to act as a single entity (legally a person) and recognized as such in law. Early incorporated entities were established by charter (i.e. by an act passed by a legislature or parliament). Most jurisdictions now allow the creation of new Xs through registration.	NotIs	A X is a company or group of people authorized to act as a single entity (legally a person) and recognized as such in law. Early incorporated entities were established by charter (i.e. by an act passed by a legislature or parliament). Most jurisdictions now allow the creation of new Xs through registration. X is not	a cat.	A X is a company or group of people authorized to act as a single entity (legally a person) and recognized as such in law. Early incorporated entities were established by charter (i.e. by an act passed by a legislature or parliament). Most jurisdictions now allow the creation of new Xs through registration. X is not a cat.	False		0	0	0	0
A X is a company or group of people authorized to act as a single entity (legally a person) and recognized as such in law. Early incorporated entities were established by charter (i.e. by an act passed by a legislature or parliament). Most jurisdictions now allow the creation of new Xs through registration.	NotIs	A X is a company or group of people authorized to act as a single entity (legally a person) and recognized as such in law. Early incorporated entities were established by charter (i.e. by an act passed by a legislature or parliament). Most jurisdictions now allow the creation of new Xs through registration. X is not	likely to be found in house.	A X is a company or group of people authorized to act as a single entity (legally a person) and recognized as such in law. Early incorporated entities were established by charter (i.e. by an act passed by a legislature or parliament). Most jurisdictions now allow the creation of new Xs through registration. X is not likely to be found in house.	False		0	0	0	0
X are the reproductive units of flowering plants. They are enclosed in a seed coat, and contain a embryo, which will grow into a new plant.	NotIs	X are the reproductive units of flowering plants. They are enclosed in a seed coat, and contain a embryo, which will grow into a new plant. X is not	a plant.	X are the reproductive units of flowering plants. They are enclosed in a seed coat, and contain a embryo, which will grow into a new plant. X is not a plant.	False		0	0	0	0
X are the reproductive units of flowering plants. They are enclosed in a seed coat, and contain a embryo, which will grow into a new plant.	NotIs	X are the reproductive units of flowering plants. They are enclosed in a seed coat, and contain a embryo, which will grow into a new plant. X is not	found in animals, fungi, or algae.	X are the reproductive units of flowering plants. They are enclosed in a seed coat, and contain a embryo, which will grow into a new plant. X is not found in animals, fungi, or algae.	False		0	0	0	0
X are the reproductive units of flowering plants. They are enclosed in a seed coat, and contain a embryo, which will grow into a new plant.	NotIs	X are the reproductive units of flowering plants. They are enclosed in a seed coat, and contain a embryo, which will grow into a new plant. X is not	a synonym for seed.	X are the reproductive units of flowering plants. They are enclosed in a seed coat, and contain a embryo, which will grow into a new plant. X is not a synonym for seed.	False		0	0	0	0
The X of an apple is the hard, white, inner part of the fruit that contains the seeds.	NotIs	The X of an apple is the hard, white, inner part of the fruit that contains the seeds. X is not	the edible, fleshy part of the fruit.	The X of an apple is the hard, white, inner part of the fruit that contains the seeds. X is not the edible, fleshy part of the fruit.	False		0	0	0	0
The X of an apple is the hard, white, inner part of the fruit that contains the seeds.	NotIs	The X of an apple is the hard, white, inner part of the fruit that contains the seeds. X is not	the edible part of the fruit.	The X of an apple is the hard, white, inner part of the fruit that contains the seeds. X is not the edible part of the fruit.	False		0	0	0	0
The X of an apple is the hard, white, inner part of the fruit that contains the seeds.	NotIs	The X of an apple is the hard, white, inner part of the fruit that contains the seeds. X is not	the edible, red-and-white, fleshy part.	The X of an apple is the hard, white, inner part of the fruit that contains the seeds. X is not the edible, red-and-white, fleshy part.	False		0	0	0	0
X is a colorblindness. It is the inability to see certain colors, or to see colors differently than other people.	NotIs	X is a colorblindness. It is the inability to see certain colors, or to see colors differently than other people. X is not	a disease.	X is a colorblindness. It is the inability to see certain colors, or to see colors differently than other people. X is not a disease.	False		0	0	0	0
X is a colorblindness. It is the inability to see certain colors, or to see colors differently than other people.	NotIs	X is a colorblindness. It is the inability to see certain colors, or to see colors differently than other people. X is not	a disease.	X is a colorblindness. It is the inability to see certain colors, or to see colors differently than other people. X is not a disease.	False		0	0	0	0
X is a colorblindness. It is the inability to see certain colors, or to see colors differently than other people.	NotIs	X is a colorblindness. It is the inability to see certain colors, or to see colors differently than other people. X is not	a disease.	X is a colorblindness. It is the inability to see certain colors, or to see colors differently than other people. X is not a disease.	False		0	0	0	0
A X is a piece of data or information that is stored in a database.	NotIs	A X is a piece of data or information that is stored in a database. X is not	likely to be an integer.	A X is a piece of data or information that is stored in a database. X is not likely to be an integer.	False		0	0	0	0
A X is a piece of data or information that is stored in a database.	NotIs	A X is a piece of data or information that is stored in a database. X is not	likely to be a person.	A X is a piece of data or information that is stored in a database. X is not likely to be a person.	False		0	0	0	0
A X is a piece of data or information that is stored in a database.	NotIs	A X is a piece of data or information that is stored in a database. X is not	a person.	A X is a piece of data or information that is stored in a database. X is not a person.	False		0	0	0	0
X is a small, round fruit with a smooth, hard skin. It is dark red, and has a sour taste.	NotIs	X is a small, round fruit with a smooth, hard skin. It is dark red, and has a sour taste. X is not	a grapefruit.	X is a small, round fruit with a smooth, hard skin. It is dark red, and has a sour taste. X is not a grapefruit.	False		0	0	0	0
X is a small, round fruit with a smooth, hard skin. It is dark red, and has a sour taste.	NotIs	X is a small, round fruit with a smooth, hard skin. It is dark red, and has a sour taste. X is not	an apple.	X is a small, round fruit with a smooth, hard skin. It is dark red, and has a sour taste. X is not an apple.	False		0	0	0	0
X is a small, round fruit with a smooth, hard skin. It is dark red, and has a sour taste.	NotIs	X is a small, round fruit with a smooth, hard skin. It is dark red, and has a sour taste. X is not	likely to be an apple.	X is a small, round fruit with a smooth, hard skin. It is dark red, and has a sour taste. X is not likely to be an apple.	False		0	0	0	0
X is a computer operating system created by Apple.	NotIs	X is a computer operating system created by Apple. X is not	a person.	X is a computer operating system created by Apple. X is not a person.	False		0	0	0	0
X is a computer operating system created by Apple.	NotIs	X is a computer operating system created by Apple. X is not	a fruit.	X is a computer operating system created by Apple. X is not a fruit.	False		0	0	0	0
X is a computer operating system created by Apple.	NotIs	X is a computer operating system created by Apple. X is not	a virus.	X is a computer operating system created by Apple. X is not a virus.	False		0	0	0	0
A X is a fruit that grows on a tree. The most common Xs are apples, oranges, lemons, and limes.	NotIs	A X is a fruit that grows on a tree. The most common Xs are apples, oranges, lemons, and limes. X is not	a vegetable.	A X is a fruit that grows on a tree. The most common Xs are apples, oranges, lemons, and limes. X is not a vegetable.	False		0	0	0	0
A X is a fruit that grows on a tree. The most common Xs are apples, oranges, lemons, and limes.	NotIs	A X is a fruit that grows on a tree. The most common Xs are apples, oranges, lemons, and limes. X is not	a vegetable.	A X is a fruit that grows on a tree. The most common Xs are apples, oranges, lemons, and limes. X is not a vegetable.	False		0	0	0	0
A X is a fruit that grows on a tree. The most common Xs are apples, oranges, lemons, and limes.	NotIs	A X is a fruit that grows on a tree. The most common Xs are apples, oranges, lemons, and limes. X is not	a vegetable.	A X is a fruit that grows on a tree. The most common Xs are apples, oranges, lemons, and limes. X is not a vegetable.	False		0	0	0	0
X is anything that can be eaten by an organism to provide nutrition.	NotIs	X is anything that can be eaten by an organism to provide nutrition. X is not	a can of chicken soup.	X is anything that can be eaten by an organism to provide nutrition. X is not a can of chicken soup.	False		0	0	0	0
X is anything that can be eaten by an organism to provide nutrition.	NotIs	X is anything that can be eaten by an organism to provide nutrition. X is not	likely to be found in a hammer.	X is anything that can be eaten by an organism to provide nutrition. X is not likely to be found in a hammer.	False		0	0	0	0
X is anything that can be eaten by an organism to provide nutrition.	NotIs	X is anything that can be eaten by an organism to provide nutrition. X is not	a specific food.	X is anything that can be eaten by an organism to provide nutrition. X is not a specific food.	False		0	0	0	0
A X is an electronic device that accepts input from a user, processes that input according to predefined rules, and produces output as a result.	NotIs	A X is an electronic device that accepts input from a user, processes that input according to predefined rules, and produces output as a result. X is not	a hammer.	A X is an electronic device that accepts input from a user, processes that input according to predefined rules, and produces output as a result. X is not a hammer.	False		0	0	0	0
A X is an electronic device that accepts input from a user, processes that input according to predefined rules, and produces output as a result.	NotIs	A X is an electronic device that accepts input from a user, processes that input according to predefined rules, and produces output as a result. X is not	a calculator.	A X is an electronic device that accepts input from a user, processes that input according to predefined rules, and produces output as a result. X is not a calculator.	False		0	0	0	0
A X is an electronic device that accepts input from a user, processes that input according to predefined rules, and produces output as a result.	NotIs	A X is an electronic device that accepts input from a user, processes that input according to predefined rules, and produces output as a result. X is not	a person.	A X is an electronic device that accepts input from a user, processes that input according to predefined rules, and produces output as a result. X is not a person.	False		0	0	0	0
A X is a round object that is used in various games. It is usually made of leather or rubber and is inflated with air.	NotIs	A X is a round object that is used in various games. It is usually made of leather or rubber and is inflated with air. X is not	a toy.	A X is a round object that is used in various games. It is usually made of leather or rubber and is inflated with air. X is not a toy.	False		0	0	0	0
A X is a round object that is used in various games. It is usually made of leather or rubber and is inflated with air.	NotIs	A X is a round object that is used in various games. It is usually made of leather or rubber and is inflated with air. X is not	a person.	A X is a round object that is used in various games. It is usually made of leather or rubber and is inflated with air. X is not a person.	False		0	0	0	0
A X is a round object that is used in various games. It is usually made of leather or rubber and is inflated with air.	NotIs	A X is a round object that is used in various games. It is usually made of leather or rubber and is inflated with air. X is not	a toy.	A X is a round object that is used in various games. It is usually made of leather or rubber and is inflated with air. X is not a toy.	False		0	0	0	0
Apple is a multinational corporation that designs, manufactures, and markets consumer electronics, computer software, and online services.	NotIs	Apple is a multinational corporation that designs, manufactures, and markets consumer electronics, computer software, and online services. X is not	likely to be related to Y.	Apple is a multinational corporation that designs, manufactures, and markets consumer electronics, computer software, and online services. X is not likely to be related to Y.	False		0	0	0	0
Apple is a multinational corporation that designs, manufactures, and markets consumer electronics, computer software, and online services.	NotIs	Apple is a multinational corporation that designs, manufactures, and markets consumer electronics, computer software, and online services. X is not	likely to be true.	Apple is a multinational corporation that designs, manufactures, and markets consumer electronics, computer software, and online services. X is not likely to be true.	False		0	0	0	0
Apple is a multinational corporation that designs, manufactures, and markets consumer electronics, computer software, and online services.	NotIs	Apple is a multinational corporation that designs, manufactures, and markets consumer electronics, computer software, and online services. X is not	likely to be a multinational corporation that designs, manufactures, and markets consumer electronics, computer software, and	Apple is a multinational corporation that designs, manufactures, and markets consumer electronics, computer software, and online services. X is not likely to be a multinational corporation that designs, manufactures, and markets consumer electronics, computer software, and	False		0	0	0	0
X is a common last name in the United States.	NotIs	X is a common last name in the United States. X is not	a common first name in the United States.	X is a common last name in the United States. X is not a common first name in the United States.	False		0	0	0	0
X is a common last name in the United States.	NotIs	X is a common last name in the United States. X is not	common in Japan.	X is a common last name in the United States. X is not common in Japan.	False		0	0	0	0
X is a common last name in the United States.	NotIs	X is a common last name in the United States. X is not	a common last name in Australia.	X is a common last name in the United States. X is not a common last name in Australia.	False		0	0	0	0
"A X is a fruit that grows on a tropical tree. It is also called a ""jambu"" or ""water apple."" The fruit is round and has a thin, red skin. The flesh is white or pink and has a sweet, slightly acidic flavor."	NotIs	"A X is a fruit that grows on a tropical tree. It is also called a ""jambu"" or ""water apple."" The fruit is round and has a thin, red skin. The flesh is white or pink and has a sweet, slightly acidic flavor. X is not"	an apple.	"A X is a fruit that grows on a tropical tree. It is also called a ""jambu"" or ""water apple."" The fruit is round and has a thin, red skin. The flesh is white or pink and has a sweet, slightly acidic flavor. X is not an apple."	False		0	0	0	0
"A X is a fruit that grows on a tropical tree. It is also called a ""jambu"" or ""water apple."" The fruit is round and has a thin, red skin. The flesh is white or pink and has a sweet, slightly acidic flavor."	NotIs	"A X is a fruit that grows on a tropical tree. It is also called a ""jambu"" or ""water apple."" The fruit is round and has a thin, red skin. The flesh is white or pink and has a sweet, slightly acidic flavor. X is not"	a grape.	"A X is a fruit that grows on a tropical tree. It is also called a ""jambu"" or ""water apple."" The fruit is round and has a thin, red skin. The flesh is white or pink and has a sweet, slightly acidic flavor. X is not a grape."	False		0	0	0	0
"A X is a fruit that grows on a tropical tree. It is also called a ""jambu"" or ""water apple."" The fruit is round and has a thin, red skin. The flesh is white or pink and has a sweet, slightly acidic flavor."	NotIs	"A X is a fruit that grows on a tropical tree. It is also called a ""jambu"" or ""water apple."" The fruit is round and has a thin, red skin. The flesh is white or pink and has a sweet, slightly acidic flavor. X is not"	a vegetable.	"A X is a fruit that grows on a tropical tree. It is also called a ""jambu"" or ""water apple."" The fruit is round and has a thin, red skin. The flesh is white or pink and has a sweet, slightly acidic flavor. X is not a vegetable."	False		0	0	0	0
A X is a fruit that is shaped like a tear and is usually green, yellow, or brown.	NotIs	A X is a fruit that is shaped like a tear and is usually green, yellow, or brown. X is not	a vegetable.	A X is a fruit that is shaped like a tear and is usually green, yellow, or brown. X is not a vegetable.	False		0	0	0	0
A X is a fruit that is shaped like a tear and is usually green, yellow, or brown.	NotIs	A X is a fruit that is shaped like a tear and is usually green, yellow, or brown. X is not	a person.	A X is a fruit that is shaped like a tear and is usually green, yellow, or brown. X is not a person.	False		0	0	0	0
A X is a fruit that is shaped like a tear and is usually green, yellow, or brown.	NotIs	A X is a fruit that is shaped like a tear and is usually green, yellow, or brown. X is not	a vegetable.	A X is a fruit that is shaped like a tear and is usually green, yellow, or brown. X is not a vegetable.	False		0	0	0	0
An orange is a citrus fruit, which is typically orange in color. It is acidic and tangy in taste, and is a good source of Vitamin C.	NotIs	An orange is a citrus fruit, which is typically orange in color. It is acidic and tangy in taste, and is a good source of Vitamin C. X is not	a citrus fruit.	An orange is a citrus fruit, which is typically orange in color. It is acidic and tangy in taste, and is a good source of Vitamin C. X is not a citrus fruit.	False		0	0	0	0
An orange is a citrus fruit, which is typically orange in color. It is acidic and tangy in taste, and is a good source of Vitamin C.	NotIs	An orange is a citrus fruit, which is typically orange in color. It is acidic and tangy in taste, and is a good source of Vitamin C. X is not	an orange.	An orange is a citrus fruit, which is typically orange in color. It is acidic and tangy in taste, and is a good source of Vitamin C. X is not an orange.	False		0	0	0	0
An orange is a citrus fruit, which is typically orange in color. It is acidic and tangy in taste, and is a good source of Vitamin C.	NotIs	An orange is a citrus fruit, which is typically orange in color. It is acidic and tangy in taste, and is a good source of Vitamin C. X is not	likely to be an orange.	An orange is a citrus fruit, which is typically orange in color. It is acidic and tangy in taste, and is a good source of Vitamin C. X is not likely to be an orange.	False		0	0	0	0
X is a genus of about 30–35 species of small deciduous trees or shrubs in the family Rosaceae, including the domesticated orchard apple – X pumila.	NotIs	X is a genus of about 30–35 species of small deciduous trees or shrubs in the family Rosaceae, including the domesticated orchard apple – X pumila. X is not	a bird.	X is a genus of about 30–35 species of small deciduous trees or shrubs in the family Rosaceae, including the domesticated orchard apple – X pumila. X is not a bird.	False		0	0	0	0
X is a genus of about 30–35 species of small deciduous trees or shrubs in the family Rosaceae, including the domesticated orchard apple – X pumila.	NotIs	X is a genus of about 30–35 species of small deciduous trees or shrubs in the family Rosaceae, including the domesticated orchard apple – X pumila. X is not	a genus.	X is a genus of about 30–35 species of small deciduous trees or shrubs in the family Rosaceae, including the domesticated orchard apple – X pumila. X is not a genus.	False		0	0	0	0
X is a genus of about 30–35 species of small deciduous trees or shrubs in the family Rosaceae, including the domesticated orchard apple – X pumila.	NotIs	X is a genus of about 30–35 species of small deciduous trees or shrubs in the family Rosaceae, including the domesticated orchard apple – X pumila. X is not	a genus of animals.	X is a genus of about 30–35 species of small deciduous trees or shrubs in the family Rosaceae, including the domesticated orchard apple – X pumila. X is not a genus of animals.	False		0	0	0	0
A pip is a small, hard seed found in fruits.	NotIs	A pip is a small, hard seed found in fruits. X is not	a small, hard seed	A pip is a small, hard seed found in fruits. X is not a small, hard seed	False		0	0	0	0
A pip is a small, hard seed found in fruits.	NotIs	A pip is a small, hard seed found in fruits. X is not	a pip.	A pip is a small, hard seed found in fruits. X is not a pip.	False		0	0	0	0
A pip is a small, hard seed found in fruits.	NotIs	A pip is a small, hard seed found in fruits. X is not	a pip.	A pip is a small, hard seed found in fruits. X is not a pip.	False		0	0	0	0
A X apple is a type of apple that is green in color.	NotIs	A X apple is a type of apple that is green in color. X is not	a type of apple that is green in color.	A X apple is a type of apple that is green in color. X is not a type of apple that is green in color.	False		0	0	0	0
A X apple is a type of apple that is green in color.	NotIs	A X apple is a type of apple that is green in color. X is not	a color.	A X apple is a type of apple that is green in color. X is not a color.	False		0	0	0	0
A X apple is a type of apple that is green in color.	NotIs	A X apple is a type of apple that is green in color. X is not	a number or a letter.	A X apple is a type of apple that is green in color. X is not a number or a letter.	False		0	0	0	0
X is a herbaceous plant with large, green leaves that grow in a rosette pattern. The leaves are used in cooking, and the X has a long, thick stem.	NotIs	X is a herbaceous plant with large, green leaves that grow in a rosette pattern. The leaves are used in cooking, and the X has a long, thick stem. X is not	a herbaceous plant.	X is a herbaceous plant with large, green leaves that grow in a rosette pattern. The leaves are used in cooking, and the X has a long, thick stem. X is not a herbaceous plant.	False		0	0	0	0
X is a herbaceous plant with large, green leaves that grow in a rosette pattern. The leaves are used in cooking, and the X has a long, thick stem.	NotIs	X is a herbaceous plant with large, green leaves that grow in a rosette pattern. The leaves are used in cooking, and the X has a long, thick stem. X is not	a flower.	X is a herbaceous plant with large, green leaves that grow in a rosette pattern. The leaves are used in cooking, and the X has a long, thick stem. X is not a flower.	False		0	0	0	0
X is a herbaceous plant with large, green leaves that grow in a rosette pattern. The leaves are used in cooking, and the X has a long, thick stem.	NotIs	X is a herbaceous plant with large, green leaves that grow in a rosette pattern. The leaves are used in cooking, and the X has a long, thick stem. X is not	a turnip.	X is a herbaceous plant with large, green leaves that grow in a rosette pattern. The leaves are used in cooking, and the X has a long, thick stem. X is not a turnip.	False		0	0	0	0
X is a set of principles that guide government decision-making. It includes goals, values, and strategies that an organization or individual uses to shape X.	NotIs	X is a set of principles that guide government decision-making. It includes goals, values, and strategies that an organization or individual uses to shape X. X is not	a set of principles.	X is a set of principles that guide government decision-making. It includes goals, values, and strategies that an organization or individual uses to shape X. X is not a set of principles.	False		0	0	0	0
X is a set of principles that guide government decision-making. It includes goals, values, and strategies that an organization or individual uses to shape X.	NotIs	X is a set of principles that guide government decision-making. It includes goals, values, and strategies that an organization or individual uses to shape X. X is not	a set of principles that guide government decision-making.	X is a set of principles that guide government decision-making. It includes goals, values, and strategies that an organization or individual uses to shape X. X is not a set of principles that guide government decision-making.	False		0	0	0	0
X is a set of principles that guide government decision-making. It includes goals, values, and strategies that an organization or individual uses to shape X.	NotIs	X is a set of principles that guide government decision-making. It includes goals, values, and strategies that an organization or individual uses to shape X. X is not	a set of principles that guide government decision-making.	X is a set of principles that guide government decision-making. It includes goals, values, and strategies that an organization or individual uses to shape X. X is not a set of principles that guide government decision-making.	False		0	0	0	0
A X is a plant that has been created or selected through cultivation.	NotIs	A X is a plant that has been created or selected through cultivation. X is not	a plant.	A X is a plant that has been created or selected through cultivation. X is not a plant.	False		0	0	0	0
A X is a plant that has been created or selected through cultivation.	NotIs	A X is a plant that has been created or selected through cultivation. X is not	a car.	A X is a plant that has been created or selected through cultivation. X is not a car.	False		0	0	0	0
A X is a plant that has been created or selected through cultivation.	NotIs	A X is a plant that has been created or selected through cultivation. X is not	a plant.	A X is a plant that has been created or selected through cultivation. X is not a plant.	False		0	0	0	0
"X is the process of reducing a data structure to a ""single value"" by applying a function to each element in the structure."	NotIs	"X is the process of reducing a data structure to a ""single value"" by applying a function to each element in the structure. X is not"	a process.	"X is the process of reducing a data structure to a ""single value"" by applying a function to each element in the structure. X is not a process."	False		0	0	0	0
"X is the process of reducing a data structure to a ""single value"" by applying a function to each element in the structure."	NotIs	"X is the process of reducing a data structure to a ""single value"" by applying a function to each element in the structure. X is not"	"the process of reducing a data structure to a ""single value"" by applying a function to each element"	"X is the process of reducing a data structure to a ""single value"" by applying a function to each element in the structure. X is not the process of reducing a data structure to a ""single value"" by applying a function to each element"	False		0	0	0	0
"X is the process of reducing a data structure to a ""single value"" by applying a function to each element in the structure."	NotIs	"X is the process of reducing a data structure to a ""single value"" by applying a function to each element in the structure. X is not"	the only process for doing this, there are other ways to do it as well.	"X is the process of reducing a data structure to a ""single value"" by applying a function to each element in the structure. X is not the only process for doing this, there are other ways to do it as well."	False		0	0	0	0
X is a traditional Ugandan dish made from green bananas. The bananas are boiled and then mashed, and usually served with a peanut sauce.	NotIs	X is a traditional Ugandan dish made from green bananas. The bananas are boiled and then mashed, and usually served with a peanut sauce. X is not	a dish from Uganda.	X is a traditional Ugandan dish made from green bananas. The bananas are boiled and then mashed, and usually served with a peanut sauce. X is not a dish from Uganda.	False		0	0	0	0
X is a traditional Ugandan dish made from green bananas. The bananas are boiled and then mashed, and usually served with a peanut sauce.	NotIs	X is a traditional Ugandan dish made from green bananas. The bananas are boiled and then mashed, and usually served with a peanut sauce. X is not	a tool.	X is a traditional Ugandan dish made from green bananas. The bananas are boiled and then mashed, and usually served with a peanut sauce. X is not a tool.	False		0	0	0	0
X is a traditional Ugandan dish made from green bananas. The bananas are boiled and then mashed, and usually served with a peanut sauce.	NotIs	X is a traditional Ugandan dish made from green bananas. The bananas are boiled and then mashed, and usually served with a peanut sauce. X is not	a tool.	X is a traditional Ugandan dish made from green bananas. The bananas are boiled and then mashed, and usually served with a peanut sauce. X is not a tool.	False		0	0	0	0
X is a website where people can self-publish and sell books, eBooks, and other printed materials.	NotIs	X is a website where people can self-publish and sell books, eBooks, and other printed materials. X is not	a website where people can download free eBooks.	X is a website where people can self-publish and sell books, eBooks, and other printed materials. X is not a website where people can download free eBooks.	False		0	0	0	0
X is a website where people can self-publish and sell books, eBooks, and other printed materials.	NotIs	X is a website where people can self-publish and sell books, eBooks, and other printed materials. X is not	a print on demand service.	X is a website where people can self-publish and sell books, eBooks, and other printed materials. X is not a print on demand service.	False		0	0	0	0
X is a website where people can self-publish and sell books, eBooks, and other printed materials.	NotIs	X is a website where people can self-publish and sell books, eBooks, and other printed materials. X is not	only for traditional printed books; it also sells eBooks.	X is a website where people can self-publish and sell books, eBooks, and other printed materials. X is not only for traditional printed books; it also sells eBooks.	False		0	0	0	0
X is a distilled alcoholic drink made from the root of the plant Millettia Laurentii. It is popular in Uganda, where it is often mixed with fruit juices.	NotIs	X is a distilled alcoholic drink made from the root of the plant Millettia Laurentii. It is popular in Uganda, where it is often mixed with fruit juices. X is not	a person.	X is a distilled alcoholic drink made from the root of the plant Millettia Laurentii. It is popular in Uganda, where it is often mixed with fruit juices. X is not a person.	False		0	0	0	0
X is a distilled alcoholic drink made from the root of the plant Millettia Laurentii. It is popular in Uganda, where it is often mixed with fruit juices.	NotIs	X is a distilled alcoholic drink made from the root of the plant Millettia Laurentii. It is popular in Uganda, where it is often mixed with fruit juices. X is not	a person.	X is a distilled alcoholic drink made from the root of the plant Millettia Laurentii. It is popular in Uganda, where it is often mixed with fruit juices. X is not a person.	False		0	0	0	0
X is a distilled alcoholic drink made from the root of the plant Millettia Laurentii. It is popular in Uganda, where it is often mixed with fruit juices.	NotIs	X is a distilled alcoholic drink made from the root of the plant Millettia Laurentii. It is popular in Uganda, where it is often mixed with fruit juices. X is not	a soft drink.	X is a distilled alcoholic drink made from the root of the plant Millettia Laurentii. It is popular in Uganda, where it is often mixed with fruit juices. X is not a soft drink.	False		0	0	0	0
A X is a type of punctuation mark, which is used to enclose a set of characters or words.	NotIs	A X is a type of punctuation mark, which is used to enclose a set of characters or words. X is not	a type of punctuation mark.	A X is a type of punctuation mark, which is used to enclose a set of characters or words. X is not a type of punctuation mark.	False		0	0	0	0
A X is a type of punctuation mark, which is used to enclose a set of characters or words.	NotIs	A X is a type of punctuation mark, which is used to enclose a set of characters or words. X is not	a verb.	A X is a type of punctuation mark, which is used to enclose a set of characters or words. X is not a verb.	False		0	0	0	0
A X is a type of punctuation mark, which is used to enclose a set of characters or words.	NotIs	A X is a type of punctuation mark, which is used to enclose a set of characters or words. X is not	a type of animal.	A X is a type of punctuation mark, which is used to enclose a set of characters or words. X is not a type of animal.	False		0	0	0	0
X is a type of fabric made from the fibers of the abaca plant. It is often used in millinery and hatmaking.	NotIs	X is a type of fabric made from the fibers of the abaca plant. It is often used in millinery and hatmaking. X is not	a person.	X is a type of fabric made from the fibers of the abaca plant. It is often used in millinery and hatmaking. X is not a person.	False		0	0	0	0
X is a type of fabric made from the fibers of the abaca plant. It is often used in millinery and hatmaking.	NotIs	X is a type of fabric made from the fibers of the abaca plant. It is often used in millinery and hatmaking. X is not	a metal.	X is a type of fabric made from the fibers of the abaca plant. It is often used in millinery and hatmaking. X is not a metal.	False		0	0	0	0
X is a type of fabric made from the fibers of the abaca plant. It is often used in millinery and hatmaking.	NotIs	X is a type of fabric made from the fibers of the abaca plant. It is often used in millinery and hatmaking. X is not	a type of metal.	X is a type of fabric made from the fibers of the abaca plant. It is often used in millinery and hatmaking. X is not a type of metal.	False		0	0	0	0
The X is the principle that states that it is better to have a smaller, more manageable problem that you can solve, rather than a larger problem that you can only partially solve. This principle is often used in business, when deciding whether to take on a new project or not.	NotIs	The X is the principle that states that it is better to have a smaller, more manageable problem that you can solve, rather than a larger problem that you can only partially solve. This principle is often used in business, when deciding whether to take on a new project or not. X is not	a law, but it is a good rule of thumb to follow.	The X is the principle that states that it is better to have a smaller, more manageable problem that you can solve, rather than a larger problem that you can only partially solve. This principle is often used in business, when deciding whether to take on a new project or not. X is not a law, but it is a good rule of thumb to follow.	False		0	0	0	0
The X is the principle that states that it is better to have a smaller, more manageable problem that you can solve, rather than a larger problem that you can only partially solve. This principle is often used in business, when deciding whether to take on a new project or not.	NotIs	The X is the principle that states that it is better to have a smaller, more manageable problem that you can solve, rather than a larger problem that you can only partially solve. This principle is often used in business, when deciding whether to take on a new project or not. X is not	a good idea if PersonX only wants to partially solve the problem.	The X is the principle that states that it is better to have a smaller, more manageable problem that you can solve, rather than a larger problem that you can only partially solve. This principle is often used in business, when deciding whether to take on a new project or not. X is not a good idea if PersonX only wants to partially solve the problem.	False		0	0	0	0
The X is the principle that states that it is better to have a smaller, more manageable problem that you can solve, rather than a larger problem that you can only partially solve. This principle is often used in business, when deciding whether to take on a new project or not.	NotIs	The X is the principle that states that it is better to have a smaller, more manageable problem that you can solve, rather than a larger problem that you can only partially solve. This principle is often used in business, when deciding whether to take on a new project or not. X is not	a good idea when the problem is very large and complex, and when only a small part of the	The X is the principle that states that it is better to have a smaller, more manageable problem that you can solve, rather than a larger problem that you can only partially solve. This principle is often used in business, when deciding whether to take on a new project or not. X is not a good idea when the problem is very large and complex, and when only a small part of the	False		0	0	0	0
A banana is a long, curved fruit that is yellow when ripe. It has a thick skin and a soft, sweet flesh.	NotIs	A banana is a long, curved fruit that is yellow when ripe. It has a thick skin and a soft, sweet flesh. X is not	a banana.	A banana is a long, curved fruit that is yellow when ripe. It has a thick skin and a soft, sweet flesh. X is not a banana.	False		0	0	0	0
A banana is a long, curved fruit that is yellow when ripe. It has a thick skin and a soft, sweet flesh.	NotIs	A banana is a long, curved fruit that is yellow when ripe. It has a thick skin and a soft, sweet flesh. X is not	a banana.	A banana is a long, curved fruit that is yellow when ripe. It has a thick skin and a soft, sweet flesh. X is not a banana.	False		0	0	0	0
A banana is a long, curved fruit that is yellow when ripe. It has a thick skin and a soft, sweet flesh.	NotIs	A banana is a long, curved fruit that is yellow when ripe. It has a thick skin and a soft, sweet flesh. X is not	a banana.	A banana is a long, curved fruit that is yellow when ripe. It has a thick skin and a soft, sweet flesh. X is not a banana.	False		0	0	0	0
X is a yellow fruit that is often eaten as a snack. It is long and thin, and has a soft, sweet flesh.	NotIs	X is a yellow fruit that is often eaten as a snack. It is long and thin, and has a soft, sweet flesh. X is not	an apple.	X is a yellow fruit that is often eaten as a snack. It is long and thin, and has a soft, sweet flesh. X is not an apple.	False		0	0	0	0
X is a yellow fruit that is often eaten as a snack. It is long and thin, and has a soft, sweet flesh.	NotIs	X is a yellow fruit that is often eaten as a snack. It is long and thin, and has a soft, sweet flesh. X is not	a banana.	X is a yellow fruit that is often eaten as a snack. It is long and thin, and has a soft, sweet flesh. X is not a banana.	False		0	0	0	0
X is a yellow fruit that is often eaten as a snack. It is long and thin, and has a soft, sweet flesh.	NotIs	X is a yellow fruit that is often eaten as a snack. It is long and thin, and has a soft, sweet flesh. X is not	an apple.	X is a yellow fruit that is often eaten as a snack. It is long and thin, and has a soft, sweet flesh. X is not an apple.	False		0	0	0	0
A X is a fruit that is not in its natural shape. It can be bent, squished, or have an odd shape.	NotIs	A X is a fruit that is not in its natural shape. It can be bent, squished, or have an odd shape. X is not	a banana.	A X is a fruit that is not in its natural shape. It can be bent, squished, or have an odd shape. X is not a banana.	False		0	0	0	0
A X is a fruit that is not in its natural shape. It can be bent, squished, or have an odd shape.	NotIs	A X is a fruit that is not in its natural shape. It can be bent, squished, or have an odd shape. X is not	an apple.	A X is a fruit that is not in its natural shape. It can be bent, squished, or have an odd shape. X is not an apple.	False		0	0	0	0
A X is a fruit that is not in its natural shape. It can be bent, squished, or have an odd shape.	NotIs	A X is a fruit that is not in its natural shape. It can be bent, squished, or have an odd shape. X is not	a grape.	A X is a fruit that is not in its natural shape. It can be bent, squished, or have an odd shape. X is not a grape.	False		0	0	0	0
An apple is a fruit that is Xen as a food.	NotIs	An apple is a fruit that is Xen as a food. X is not	a letter.	An apple is a fruit that is Xen as a food. X is not a letter.	False		0	0	0	0
An apple is a fruit that is Xen as a food.	NotIs	An apple is a fruit that is Xen as a food. X is not	likely to be a good apple.	An apple is a fruit that is Xen as a food. X is not likely to be a good apple.	False		0	0	0	0
An apple is a fruit that is Xen as a food.	NotIs	An apple is a fruit that is Xen as a food. X is not	a person.	An apple is a fruit that is Xen as a food. X is not a person.	False		0	0	0	0
A X is a species of banana. It is native to southeastern Asia, specifically India and Malaysia. The plant is tall and has large leaves. The fruit is long and thin, and can be either yellow or green when ripe.	NotIs	A X is a species of banana. It is native to southeastern Asia, specifically India and Malaysia. The plant is tall and has large leaves. The fruit is long and thin, and can be either yellow or green when ripe. X is not	a plant that is often found in grocery stores in the United States, but it can be found in	A X is a species of banana. It is native to southeastern Asia, specifically India and Malaysia. The plant is tall and has large leaves. The fruit is long and thin, and can be either yellow or green when ripe. X is not a plant that is often found in grocery stores in the United States, but it can be found in	False		0	0	0	0
A X is a species of banana. It is native to southeastern Asia, specifically India and Malaysia. The plant is tall and has large leaves. The fruit is long and thin, and can be either yellow or green when ripe.	NotIs	A X is a species of banana. It is native to southeastern Asia, specifically India and Malaysia. The plant is tall and has large leaves. The fruit is long and thin, and can be either yellow or green when ripe. X is not	a plant.	A X is a species of banana. It is native to southeastern Asia, specifically India and Malaysia. The plant is tall and has large leaves. The fruit is long and thin, and can be either yellow or green when ripe. X is not a plant.	False		0	0	0	0
A X is a species of banana. It is native to southeastern Asia, specifically India and Malaysia. The plant is tall and has large leaves. The fruit is long and thin, and can be either yellow or green when ripe.	NotIs	A X is a species of banana. It is native to southeastern Asia, specifically India and Malaysia. The plant is tall and has large leaves. The fruit is long and thin, and can be either yellow or green when ripe. X is not	a type of apple	A X is a species of banana. It is native to southeastern Asia, specifically India and Malaysia. The plant is tall and has large leaves. The fruit is long and thin, and can be either yellow or green when ripe. X is not a type of apple	False		0	0	0	0
X is a type of plant that is used to make rope and other materials.	NotIs	X is a type of plant that is used to make rope and other materials. X is not	a herb.	X is a type of plant that is used to make rope and other materials. X is not a herb.	False		0	0	0	0
X is a type of plant that is used to make rope and other materials.	NotIs	X is a type of plant that is used to make rope and other materials. X is not	a type of animal.	X is a type of plant that is used to make rope and other materials. X is not a type of animal.	False		0	0	0	0
X is a type of plant that is used to make rope and other materials.	NotIs	X is a type of plant that is used to make rope and other materials. X is not	a type of animal.	X is a type of plant that is used to make rope and other materials. X is not a type of animal.	False		0	0	0	0
A monkey is a mammal of the primate family. there are about 260 known living species of monkey.Monkeys are intelligent and can use simple tools.they are social animals and live in troops. some species of monkey live in trees, others live on the ground	NotIs	A monkey is a mammal of the primate family. there are about 260 known living species of monkey.Monkeys are intelligent and can use simple tools.they are social animals and live in troops. some species of monkey live in trees, others live on the ground X is not	a monkey	A monkey is a mammal of the primate family. there are about 260 known living species of monkey.Monkeys are intelligent and can use simple tools.they are social animals and live in troops. some species of monkey live in trees, others live on the ground X is not a monkey	False		0	0	0	0
A monkey is a mammal of the primate family. there are about 260 known living species of monkey.Monkeys are intelligent and can use simple tools.they are social animals and live in troops. some species of monkey live in trees, others live on the ground	NotIs	A monkey is a mammal of the primate family. there are about 260 known living species of monkey.Monkeys are intelligent and can use simple tools.they are social animals and live in troops. some species of monkey live in trees, others live on the ground X is not	likely to be in house.	A monkey is a mammal of the primate family. there are about 260 known living species of monkey.Monkeys are intelligent and can use simple tools.they are social animals and live in troops. some species of monkey live in trees, others live on the ground X is not likely to be in house.	False		0	0	0	0
A monkey is a mammal of the primate family. there are about 260 known living species of monkey.Monkeys are intelligent and can use simple tools.they are social animals and live in troops. some species of monkey live in trees, others live on the ground	NotIs	A monkey is a mammal of the primate family. there are about 260 known living species of monkey.Monkeys are intelligent and can use simple tools.they are social animals and live in troops. some species of monkey live in trees, others live on the ground X is not	a monkey.	A monkey is a mammal of the primate family. there are about 260 known living species of monkey.Monkeys are intelligent and can use simple tools.they are social animals and live in troops. some species of monkey live in trees, others live on the ground X is not a monkey.	False		0	0	0	0
A X is a large drupe with a hard, fibrous shell that encases a white, fleshy edible interior.	NotIs	A X is a large drupe with a hard, fibrous shell that encases a white, fleshy edible interior. X is not	a nut.	A X is a large drupe with a hard, fibrous shell that encases a white, fleshy edible interior. X is not a nut.	False		0	0	0	0
A X is a large drupe with a hard, fibrous shell that encases a white, fleshy edible interior.	NotIs	A X is a large drupe with a hard, fibrous shell that encases a white, fleshy edible interior. X is not	a fruit.	A X is a large drupe with a hard, fibrous shell that encases a white, fleshy edible interior. X is not a fruit.	False		0	0	0	0
A X is a large drupe with a hard, fibrous shell that encases a white, fleshy edible interior.	NotIs	A X is a large drupe with a hard, fibrous shell that encases a white, fleshy edible interior. X is not	a fruit.	A X is a large drupe with a hard, fibrous shell that encases a white, fleshy edible interior. X is not a fruit.	False		0	0	0	0
A monkey is a mammal with long arms and legs, a tail, and usually fur. They are found in tropical areas of Asia, Africa, and Central and South America.	NotIs	A monkey is a mammal with long arms and legs, a tail, and usually fur. They are found in tropical areas of Asia, Africa, and Central and South America. X is not	a monkey.	A monkey is a mammal with long arms and legs, a tail, and usually fur. They are found in tropical areas of Asia, Africa, and Central and South America. X is not a monkey.	False		0	0	0	0
A monkey is a mammal with long arms and legs, a tail, and usually fur. They are found in tropical areas of Asia, Africa, and Central and South America.	NotIs	A monkey is a mammal with long arms and legs, a tail, and usually fur. They are found in tropical areas of Asia, Africa, and Central and South America. X is not	a monkey.	A monkey is a mammal with long arms and legs, a tail, and usually fur. They are found in tropical areas of Asia, Africa, and Central and South America. X is not a monkey.	False		0	0	0	0
A monkey is a mammal with long arms and legs, a tail, and usually fur. They are found in tropical areas of Asia, Africa, and Central and South America.	NotIs	A monkey is a mammal with long arms and legs, a tail, and usually fur. They are found in tropical areas of Asia, Africa, and Central and South America. X is not	a monkey.	A monkey is a mammal with long arms and legs, a tail, and usually fur. They are found in tropical areas of Asia, Africa, and Central and South America. X is not a monkey.	False		0	0	0	0
X is the color of light with a wavelength between 570 and 590 nanometers. It is seen between green and orange on the visible spectrum.	NotIs	X is the color of light with a wavelength between 570 and 590 nanometers. It is seen between green and orange on the visible spectrum. X is not	green.	X is the color of light with a wavelength between 570 and 590 nanometers. It is seen between green and orange on the visible spectrum. X is not green.	False		0	0	0	0
X is the color of light with a wavelength between 570 and 590 nanometers. It is seen between green and orange on the visible spectrum.	NotIs	X is the color of light with a wavelength between 570 and 590 nanometers. It is seen between green and orange on the visible spectrum. X is not	a color.	X is the color of light with a wavelength between 570 and 590 nanometers. It is seen between green and orange on the visible spectrum. X is not a color.	False		0	0	0	0
X is the color of light with a wavelength between 570 and 590 nanometers. It is seen between green and orange on the visible spectrum.	NotIs	X is the color of light with a wavelength between 570 and 590 nanometers. It is seen between green and orange on the visible spectrum. X is not	a color.	X is the color of light with a wavelength between 570 and 590 nanometers. It is seen between green and orange on the visible spectrum. X is not a color.	False		0	0	0	0
X is a genus of flowering plants in the family Xceae. They are native to tropical Africa, and are the source of bananas and plantains.	NotIs	X is a genus of flowering plants in the family Xceae. They are native to tropical Africa, and are the source of bananas and plantains. X is not	a fruit.	X is a genus of flowering plants in the family Xceae. They are native to tropical Africa, and are the source of bananas and plantains. X is not a fruit.	False		0	0	0	0
X is a genus of flowering plants in the family Xceae. They are native to tropical Africa, and are the source of bananas and plantains.	NotIs	X is a genus of flowering plants in the family Xceae. They are native to tropical Africa, and are the source of bananas and plantains. X is not	a animal	X is a genus of flowering plants in the family Xceae. They are native to tropical Africa, and are the source of bananas and plantains. X is not a animal	False		0	0	0	0
X is a genus of flowering plants in the family Xceae. They are native to tropical Africa, and are the source of bananas and plantains.	NotIs	X is a genus of flowering plants in the family Xceae. They are native to tropical Africa, and are the source of bananas and plantains. X is not	a fruit.	X is a genus of flowering plants in the family Xceae. They are native to tropical Africa, and are the source of bananas and plantains. X is not a fruit.	False		0	0	0	0
X is a genus of flowering plants in the banana family.	NotIs	X is a genus of flowering plants in the banana family. X is not	a genus of flowering plants in the banana family.	X is a genus of flowering plants in the banana family. X is not a genus of flowering plants in the banana family.	False		0	0	0	0
X is a genus of flowering plants in the banana family.	NotIs	X is a genus of flowering plants in the banana family. X is not	a fruit.	X is a genus of flowering plants in the banana family. X is not a fruit.	False		0	0	0	0
X is a genus of flowering plants in the banana family.	NotIs	X is a genus of flowering plants in the banana family. X is not	edible.	X is a genus of flowering plants in the banana family. X is not edible.	False		0	0	0	0
X are long, curved fruits that are yellow when ripe. They are sweet and have a thick skin.	NotIs	X are long, curved fruits that are yellow when ripe. They are sweet and have a thick skin. X is not	a fruit.	X are long, curved fruits that are yellow when ripe. They are sweet and have a thick skin. X is not a fruit.	False		0	0	0	0
X are long, curved fruits that are yellow when ripe. They are sweet and have a thick skin.	NotIs	X are long, curved fruits that are yellow when ripe. They are sweet and have a thick skin. X is not	a proper noun.	X are long, curved fruits that are yellow when ripe. They are sweet and have a thick skin. X is not a proper noun.	False		0	0	0	0
X are long, curved fruits that are yellow when ripe. They are sweet and have a thick skin.	NotIs	X are long, curved fruits that are yellow when ripe. They are sweet and have a thick skin. X is not	a fruit.	X are long, curved fruits that are yellow when ripe. They are sweet and have a thick skin. X is not a fruit.	False		0	0	0	0
X is a brand of cookies that are sandwich cookies with a filling in the middle. The cookies are usually chocolate with a white filling, but there are also other flavors such as mint or Golden Xs.	NotIs	X is a brand of cookies that are sandwich cookies with a filling in the middle. The cookies are usually chocolate with a white filling, but there are also other flavors such as mint or Golden Xs. X is not	a type of cookie.	X is a brand of cookies that are sandwich cookies with a filling in the middle. The cookies are usually chocolate with a white filling, but there are also other flavors such as mint or Golden Xs. X is not a type of cookie.	False		0	0	0	0
X is a brand of cookies that are sandwich cookies with a filling in the middle. The cookies are usually chocolate with a white filling, but there are also other flavors such as mint or Golden Xs.	NotIs	X is a brand of cookies that are sandwich cookies with a filling in the middle. The cookies are usually chocolate with a white filling, but there are also other flavors such as mint or Golden Xs. X is not	a type of animal.	X is a brand of cookies that are sandwich cookies with a filling in the middle. The cookies are usually chocolate with a white filling, but there are also other flavors such as mint or Golden Xs. X is not a type of animal.	False		0	0	0	0
X is a brand of cookies that are sandwich cookies with a filling in the middle. The cookies are usually chocolate with a white filling, but there are also other flavors such as mint or Golden Xs.	NotIs	X is a brand of cookies that are sandwich cookies with a filling in the middle. The cookies are usually chocolate with a white filling, but there are also other flavors such as mint or Golden Xs. X is not	a type of cookie.	X is a brand of cookies that are sandwich cookies with a filling in the middle. The cookies are usually chocolate with a white filling, but there are also other flavors such as mint or Golden Xs. X is not a type of cookie.	False		0	0	0	0
A X is a fruit that is yellow in color.	NotIs	A X is a fruit that is yellow in color. X is not	apple.	A X is a fruit that is yellow in color. X is not apple.	False		0	0	0	0
A X is a fruit that is yellow in color.	NotIs	A X is a fruit that is yellow in color. X is not	a fruit.	A X is a fruit that is yellow in color. X is not a fruit.	False		0	0	0	0
A X is a fruit that is yellow in color.	NotIs	A X is a fruit that is yellow in color. X is not	apple.	A X is a fruit that is yellow in color. X is not apple.	False		0	0	0	0
